xg_range,n_players,actual_xg_90_mean,predicted_xg_90_mean,mae,mean_signed_error,r2,overestimations,underestimations
bajo_<0.10,114,0.04385964912280702,0.06613558411980759,0.03024320097340453,0.0222759349970006,-1.3627367696594206,89,25
medio_bajo_0.10_0.25,44,0.1525,0.16129296715258548,0.06576777861781274,0.008792967152585497,-2.4853882799983467,18,26
medio_alto_0.25_0.50,34,0.3652941176470588,0.33155077305427805,0.08759895780045568,-0.033743344592780646,-1.9786761901414969,8,26
alto_>=0.50,13,0.6446153846153846,0.5210002990423065,0.15097616559084998,-0.12361508557307814,-0.9748901943352437,1,12
