model,mae,r2
DummyRegressor,0.11693627073970599,-0.0014895890904675912
RandomForestRegressor,0.032702343085627035,0.9008326429469092
