feature_set,model,mae,r2,train_rows,test_rows,test_season,test_next_season
full,DummyRegressor,0.12856934467022527,-0.0035581974023690677,3003,954,2023-2024,2024-2025
full,RandomForestRegressor,0.05767422205706057,0.7241788401629361,3003,954,2023-2024,2024-2025
without_previous_xg,DummyRegressor,0.12856934467022527,-0.0035581974023690677,3003,954,2023-2024,2024-2025
without_previous_xg,RandomForestRegressor,0.06007373734808289,0.7030340583324918,3003,954,2023-2024,2024-2025
