model,mae,r2,train_rows,test_rows,test_season,test_next_season
DummyRegressor,0.12658977098945629,-0.0025979472179571417,3236,1034,2023-2024,2024-2025
RandomForestRegressor,0.053383690883094394,0.7403781160280106,3236,1034,2023-2024,2024-2025
